City_ID,City,Country,Lat,Lng,Max Temp,Humidity,Cloudiness,Wind Speed,Current Description
0,Punta Arenas,CL,-53.15,-70.9167,48.31,71,75,8.05,broken clouds
1,Comodoro Rivadavia,AR,-45.8667,-67.5,84.06,21,0,14.97,clear sky
2,Leshukonskoye,RU,64.8989,45.7622,8.2,98,97,2.44,overcast clouds
3,Te Anau,NZ,-45.4167,167.7167,62.02,79,100,4.99,overcast clouds
4,Saint-Augustin,CA,51.226,-58.6502,23.72,89,100,23.73,overcast clouds
5,Morro Bay,US,35.3658,-120.8499,65.75,23,0,3.0,clear sky
6,Sangar,RU,63.9242,127.4739,-33.21,100,61,2.98,broken clouds
7,Vaini,TO,-21.2,-175.2,86.16,74,40,5.75,scattered clouds
8,Dabat,ET,12.9842,37.765,54.23,70,82,2.57,broken clouds
9,Kapaa,US,22.0752,-159.319,80.58,67,0,4.0,clear sky
10,Mbandaka,CD,0.0487,18.2603,74.08,54,100,2.24,overcast clouds
11,Hutchinson,US,38.0608,-97.9298,18.59,60,100,5.01,overcast clouds
12,Sobolevo,RU,54.4299,31.8996,24.67,97,100,7.92,snow
13,Half Moon Bay,US,37.4636,-122.4286,65.19,29,0,7.0,clear sky
14,Ekimchan,RU,53.0667,132.9667,-27.18,99,27,3.24,scattered clouds
15,Rikitea,PF,-23.1203,-134.9692,78.66,72,100,7.27,overcast clouds
16,Hermanus,ZA,-34.4187,19.2345,65.89,87,4,12.1,clear sky
17,Ushuaia,AR,-54.8,-68.3,44.26,57,75,25.32,broken clouds
18,Port Elizabeth,ZA,-33.918,25.5701,71.1,100,75,8.05,broken clouds
19,Faanui,PF,-16.4833,-151.75,81.14,72,17,19.46,few clouds
20,Mahebourg,MU,-20.4081,57.7,80.26,94,75,31.07,moderate rain
21,Tasiilaq,GL,65.6145,-37.6368,15.96,83,100,3.67,overcast clouds
22,Bambous Virieux,MU,-20.3428,57.7575,80.22,94,75,31.07,moderate rain
23,Albany,US,42.6001,-73.9662,42.67,77,86,1.01,overcast clouds
24,Upernavik,GL,72.7868,-56.1549,-8.32,67,97,9.95,overcast clouds
25,Daru,PG,-9.0763,143.2092,79.41,71,100,6.04,overcast clouds
26,Nikolskoye,RU,59.7035,30.7861,22.89,98,99,0.87,overcast clouds
27,Arraial Do Cabo,BR,-22.9661,-42.0278,76.96,94,75,3.44,broken clouds
28,Lebu,CL,-37.6167,-73.65,62.28,83,50,11.03,scattered clouds
29,Zhangjiakou,CN,40.81,114.8794,8.38,67,1,4.94,light snow
30,Yar-Sale,RU,66.8333,70.8333,0.64,97,100,13.38,light snow
31,Batagay-Alyta,RU,67.8006,130.4114,-25.6,99,62,3.74,broken clouds
32,Chokurdakh,RU,70.6333,147.9167,-21.08,98,93,7.23,overcast clouds
33,Makakilo City,US,21.3469,-158.0858,80.69,59,0,8.05,clear sky
34,Azare,NG,11.6765,10.1948,63.95,15,38,9.33,scattered clouds
35,Vila Velha,BR,-20.3297,-40.2925,80.55,82,0,4.61,clear sky
36,Paamiut,GL,61.994,-49.6678,9.64,62,100,17.83,overcast clouds
37,Bredasdorp,ZA,-34.5322,20.0403,69.12,73,39,1.14,scattered clouds
38,Aklavik,CA,68.2191,-135.0107,-22.0,76,75,2.3,broken clouds
39,Kahului,US,20.8947,-156.47,82.42,65,20,13.8,few clouds
40,Arman,RU,59.7,150.1667,10.87,81,100,10.04,overcast clouds
41,Clyde River,CA,70.4692,-68.5914,-16.37,76,100,6.91,light snow
42,Nome,US,64.5011,-165.4064,10.47,57,0,35.68,clear sky
43,Avera,US,33.194,-82.5271,65.71,77,93,5.79,overcast clouds
44,Caravelas,BR,-17.7125,-39.2481,77.76,86,100,4.99,overcast clouds
45,Port Alfred,ZA,-33.5906,26.891,73.44,96,100,7.96,heavy intensity rain
46,Carnarvon,AU,-24.8667,113.6333,77.07,88,67,11.5,broken clouds
47,Barranca,PE,-10.75,-77.7667,72.37,74,3,10.22,clear sky
48,Cape Town,ZA,-33.9258,18.4232,66.11,91,40,1.01,scattered clouds
49,Mataura,NZ,-46.1927,168.8643,58.48,92,100,3.98,overcast clouds
50,Ayan,RU,56.45,138.1667,-3.53,69,100,15.99,overcast clouds
51,Bluff,NZ,-46.6,168.3333,58.8,64,100,17.2,overcast clouds
52,Puerto Ayora,EC,-0.7393,-90.3518,82.36,89,31,4.0,scattered clouds
53,Karratha,AU,-20.7377,116.8463,81.97,71,100,5.44,overcast clouds
54,Muros,ES,42.7762,-9.0603,55.24,84,100,7.63,overcast clouds
55,Gamba,GA,-2.65,10.0,76.98,87,100,4.83,moderate rain
56,Yeppoon,AU,-23.1333,150.7333,74.98,82,100,4.47,light rain
57,Jamestown,US,42.097,-79.2353,39.09,65,100,4.0,light rain
58,Cidreira,BR,-30.1811,-50.2056,75.67,84,0,19.15,clear sky
59,Bethel,US,41.3712,-73.414,41.83,100,100,1.86,overcast clouds
60,Tuatapere,NZ,-46.1333,167.6833,58.82,81,100,7.2,overcast clouds
61,Bengkulu,ID,-3.8004,102.2655,76.14,88,95,4.97,overcast clouds
62,Tranas,SE,58.0372,14.9782,25.79,96,34,4.36,scattered clouds
63,Miranda De Ebro,ES,42.6865,-2.947,44.22,54,27,4.14,scattered clouds
64,Turbat,PK,26.0023,63.044,62.31,18,0,35.88,clear sky
65,Saint-Philippe,RE,-21.3585,55.7679,80.19,95,100,36.08,heavy intensity rain
66,Barrow,US,71.2906,-156.7887,-20.18,69,0,3.44,clear sky
67,Ribeira Grande,PT,38.5167,-28.7,59.68,74,9,9.6,clear sky
68,Le Port,RE,-20.9373,55.2919,80.6,88,100,17.67,moderate rain
69,Cabo San Lucas,MX,22.8909,-109.9124,75.61,58,20,1.99,few clouds
70,Vanavara,RU,60.34,102.2797,-8.34,100,95,3.24,overcast clouds
71,Maxixe,MZ,-23.8597,35.3472,74.91,88,13,5.06,few clouds
72,Saint-Joseph,RE,-21.3667,55.6167,79.18,93,100,34.27,heavy intensity rain
73,Pangnirtung,CA,66.1451,-65.7125,6.8,78,100,23.02,light snow
74,New Norfolk,AU,-42.7826,147.0587,60.75,53,74,3.0,broken clouds
75,Baherden,TM,38.4362,57.4316,47.12,38,0,6.6,clear sky
76,Cuajinicuilapa,MX,16.4667,-98.4167,83.34,45,0,8.39,clear sky
77,Aberdeen,GB,57.1437,-2.0981,51.49,83,100,6.91,overcast clouds
78,Ihosy,MG,-22.4,46.1167,63.68,94,34,9.84,scattered clouds
79,Atuona,PF,-9.8,-139.0333,78.39,76,94,15.35,light rain
80,Avarua,CK,-21.2078,-159.775,82.45,78,75,18.41,broken clouds
81,Busselton,AU,-33.65,115.3333,67.05,44,100,14.58,overcast clouds
82,Khatanga,RU,71.9667,102.5,-36.31,98,51,2.13,broken clouds
83,Talnakh,RU,69.4865,88.3972,-7.55,99,93,6.22,overcast clouds
84,Hithadhoo,MV,-0.6,73.0833,81.61,69,47,3.76,scattered clouds
85,Hilo,US,19.7297,-155.09,80.33,68,75,6.91,broken clouds
86,Pangody,RU,65.85,74.4859,-2.07,95,97,14.67,overcast clouds
87,Ilulissat,GL,69.2167,-51.1,-0.38,60,20,25.32,few clouds
88,Provideniya,RU,64.3833,-173.3,10.51,72,75,35.79,broken clouds
89,Nicoya,CR,10.1483,-85.452,87.35,55,10,3.67,clear sky
90,Praia,CV,14.9215,-23.5087,72.14,68,2,20.71,clear sky
91,Mar Del Plata,AR,-38.0023,-57.5575,79.09,61,0,6.91,clear sky
92,Boende,CD,-0.2167,20.8667,76.75,45,100,2.66,overcast clouds
93,Ambilobe,MG,-13.2,49.05,73.47,96,99,0.94,overcast clouds
94,Camacha,PT,33.0833,-16.3333,63.54,94,40,10.36,scattered clouds
95,Santa Luzia,BR,-19.7697,-43.8514,72.68,86,40,3.44,scattered clouds
96,Haines Junction,CA,60.7522,-137.5108,1.35,60,100,2.3,overcast clouds
97,Hohhot,CN,40.8106,111.6522,-1.91,65,0,6.71,clear sky
98,Vao,NC,-22.6667,167.4833,77.83,76,97,14.12,overcast clouds
99,Tuktoyaktuk,CA,69.4541,-133.0374,-22.0,76,75,13.8,light snow
100,Dzyhivka,UA,48.359,28.3158,26.51,87,47,3.4,scattered clouds
101,Ogaminana,NG,7.5946,6.2248,78.03,20,20,2.57,few clouds
102,Spas-Klepiki,RU,55.1347,40.1767,7.27,98,100,3.09,overcast clouds
103,Victoria,HK,22.2855,114.1577,59.95,93,100,5.99,overcast clouds
104,Longjiang,CN,47.3303,123.1836,-4.68,81,20,6.51,few clouds
105,Ostrovnoy,RU,68.0531,39.5131,20.79,91,100,14.63,light snow
106,Okhotsk,RU,59.3833,143.3,7.25,76,100,14.81,overcast clouds
107,Bull Savanna,JM,17.8868,-77.5902,75.52,77,4,11.56,clear sky
108,Iqaluit,CA,63.7506,-68.5145,8.33,85,100,9.22,light snow
109,Ascension,US,30.2169,-90.9001,78.06,69,40,4.61,scattered clouds
110,Sijunjung,ID,-0.6876,100.9537,71.44,98,85,1.05,overcast clouds
111,North Augusta,US,33.5018,-81.9651,65.88,58,75,8.05,broken clouds
112,Aqtobe,KZ,50.2797,57.2072,19.49,86,100,11.18,overcast clouds
113,Castro,BR,-24.7911,-50.0119,65.95,92,40,5.7,scattered clouds
114,East London,ZA,-33.0153,27.9116,74.53,94,67,12.88,light rain
115,Kavaratti,IN,10.5669,72.642,79.39,73,15,11.16,few clouds
116,Dikson,RU,73.5069,80.5464,-8.01,98,93,10.04,overcast clouds
117,Lincoln,US,40.8,-96.667,17.65,38,75,3.0,broken clouds
118,Atasu,KZ,48.6814,71.6433,10.9,85,100,5.53,overcast clouds
119,Strezhevoy,RU,60.7333,77.5889,21.18,91,100,10.04,overcast clouds
120,Bud,US,39.447,-86.1758,40.42,97,100,14.81,snow
121,Rio Verde De Mato Grosso,BR,-18.9181,-54.8442,73.49,94,98,5.06,overcast clouds
122,Nizhniy Tsasuchey,RU,50.5167,115.1333,-16.01,94,16,5.79,few clouds
123,Tarko-Sale,RU,64.9225,77.785,-9.63,97,58,13.13,broken clouds
124,Leningradskiy,RU,69.3833,178.4167,-13.59,94,30,9.89,scattered clouds
125,Chapais,CA,49.7834,-74.8492,13.78,90,100,7.72,overcast clouds
126,Lagoa,PT,39.05,-27.9833,58.17,73,5,7.61,clear sky
127,Berlevag,NO,70.8578,29.0864,19.2,64,100,11.88,light snow
128,Kulu,TR,39.0951,33.0799,38.25,79,100,21.99,overcast clouds
129,Ahipara,NZ,-35.1667,173.1667,75.31,68,100,13.33,overcast clouds
130,Seminole,US,28.7086,-81.2081,75.47,60,0,1.01,clear sky
131,Gari,RU,59.4307,62.3497,15.96,94,40,8.52,scattered clouds
132,Vico Equense,IT,40.6598,14.4317,51.55,73,0,1.01,clear sky
133,Byron Bay,AU,-28.65,153.6167,76.87,96,98,12.82,light rain
134,Mehran,IR,33.1222,46.1646,44.08,47,99,3.0,overcast clouds
135,Amga,RU,60.8953,131.9608,-33.43,100,81,1.23,broken clouds
136,Sitka,US,57.0531,-135.33,37.29,93,100,4.61,light rain
137,Nouadhibou,MR,20.931,-17.0347,71.58,56,1,14.97,sand
138,Nha Trang,VN,12.25,109.1833,73.4,93,53,5.41,broken clouds
139,Misratah,LY,32.3754,15.0925,57.94,76,69,27.56,broken clouds
140,Lasa,IT,46.6166,10.7002,43.54,94,72,8.34,broken clouds
141,Hobart,AU,-42.8794,147.3294,61.11,58,75,1.99,broken clouds
142,Forrest City,US,35.0081,-90.7898,40.86,87,100,15.35,overcast clouds
143,North Bend,US,43.4065,-124.2243,50.94,97,100,5.75,mist
144,Lompoc,US,34.6391,-120.4579,66.78,20,0,14.97,clear sky
145,Saldanha,ZA,-33.0117,17.9442,66.25,88,63,7.94,broken clouds
146,Kalamazoo,US,42.2506,-85.55,25.18,87,100,11.5,snow
147,Butaritari,KI,3.0707,172.7902,81.66,79,28,17.27,light rain
148,Santa Isabel,BR,-23.3156,-46.2214,70.9,99,100,2.93,overcast clouds
149,Lishui,CN,28.4604,119.9103,37.02,97,100,3.31,overcast clouds
150,Vieux-Habitants,GP,16.0589,-61.7659,78.37,74,1,10.94,clear sky
151,Salalah,OM,17.0151,54.0924,78.89,21,0,10.36,clear sky
152,San Rafael,AR,-34.6177,-68.3301,78.48,48,22,7.16,light rain
153,Richards Bay,ZA,-28.783,32.0377,76.87,83,6,14.92,clear sky
154,Santa Isabel Do Rio Negro,BR,-0.4139,-65.0192,78.01,85,96,4.25,overcast clouds
155,Kavieng,PG,-2.5744,150.7967,78.96,84,100,14.27,light rain
156,Samarai,PG,-10.6167,150.6667,81.59,75,98,6.58,overcast clouds
157,Kaitangata,NZ,-46.2817,169.8464,54.03,94,100,5.06,overcast clouds
158,Banjar,ID,-8.19,114.9675,76.91,88,89,5.08,overcast clouds
159,Tynda,RU,55.1667,124.7167,-22.23,94,60,4.45,broken clouds
160,Pevek,RU,69.7008,170.3133,-7.83,75,25,5.23,scattered clouds
161,Mongu,ZM,-15.2484,23.1274,69.89,83,100,3.58,light rain
162,Kismayo,SO,-0.3582,42.5454,78.58,87,100,14.34,overcast clouds
163,Straumen,NO,63.8709,11.2999,27.63,91,100,5.26,overcast clouds
164,Krasnoselkup,RU,65.7,82.4667,-21.87,100,89,6.22,overcast clouds
165,Koslan,RU,63.4564,48.8989,20.68,96,100,4.29,light snow
166,Gazli,UZ,40.1333,63.45,39.87,64,0,4.7,clear sky
167,Saskylakh,RU,71.9167,114.0833,-30.6,100,28,3.04,scattered clouds
168,Souillac,MU,-20.5167,57.5167,80.37,94,75,31.07,moderate rain
169,Bizhbulyak,RU,53.6967,54.2642,24.48,96,100,12.86,overcast clouds
170,Lata,PT,40.1629,-8.3327,49.06,73,96,2.35,overcast clouds
171,Klaksvik,FO,62.2266,-6.589,40.12,72,100,14.88,overcast clouds
172,Isangel,VU,-19.55,169.2667,86.11,84,75,3.44,broken clouds
173,Bestobe,KZ,52.4994,73.0975,12.79,86,100,7.47,overcast clouds
174,Inhambane,MZ,-23.865,35.3833,75.88,86,13,5.86,few clouds
175,Atar,MR,20.5169,-13.0499,74.07,19,0,8.34,clear sky
176,Panguna,PG,-6.3164,155.4848,76.77,77,99,2.13,light rain
177,Kuching,MY,1.55,110.3333,75.42,94,20,1.14,few clouds
178,Monrovia,LR,6.3005,-10.7969,76.77,82,10,8.3,clear sky
179,Mackay,AU,-21.15,149.2,87.67,79,40,5.75,scattered clouds
180,Torbay,CA,47.6666,-52.7314,24.49,85,20,8.05,few clouds
181,Mangrol,IN,21.1167,70.1167,71.51,81,18,12.93,few clouds
182,Tiksi,RU,71.6872,128.8694,-5.15,97,100,6.85,overcast clouds
183,Yellowknife,CA,62.456,-114.3525,-24.45,75,20,3.44,few clouds
184,Guachucal,CO,0.9609,-77.7316,57.49,58,40,11.5,scattered clouds
185,Broken Hill,AU,-31.95,141.4333,58.71,55,0,24.16,clear sky
186,Norman Wells,CA,65.282,-126.8329,-21.96,69,75,13.8,broken clouds
187,Anadyr,RU,64.75,177.4833,9.1,71,0,35.79,clear sky
188,Ancud,CL,-41.8697,-73.8203,67.53,78,96,5.59,overcast clouds
189,Iba,PH,15.3667,120.0333,73.54,72,26,4.29,scattered clouds
190,Sakakah,SA,29.9697,40.2064,51.37,42,36,8.75,scattered clouds
191,Kailua,US,21.4022,-157.7394,82.08,66,40,6.91,scattered clouds
192,Recas,RO,45.7989,21.5008,34.03,100,75,5.75,broken clouds
193,Qaanaaq,GL,77.484,-69.3632,-13.7,83,100,6.87,overcast clouds
194,Port Macquarie,AU,-31.4333,152.9167,68.9,100,75,10.36,light rain
195,Port Hedland,AU,-20.3167,118.5667,78.85,100,97,5.75,overcast clouds
196,Bayir,TR,37.2687,28.2167,52.32,88,100,20.04,overcast clouds
197,Saint Anthony,US,45.0205,-93.218,5.95,55,0,5.99,clear sky
198,Ridgecrest,US,35.6225,-117.6709,56.16,13,0,7.0,clear sky
199,Akyab,MM,20.15,92.9,62.13,73,5,6.73,clear sky
200,Phuket,TH,8.0,98.25,79.02,83,20,3.44,few clouds
201,Artyom,AZ,40.4723,50.333,44.74,79,18,21.39,few clouds
202,Nouakchott,MR,18.0858,-15.9785,80.53,26,0,12.01,clear sky
203,Georgetown,MY,5.4112,100.3354,80.53,90,20,3.0,few clouds
204,Port-Gentil,GA,-0.7193,8.7815,80.71,78,22,10.67,few clouds
205,Cherskiy,RU,68.75,161.3,-16.02,67,60,0.94,broken clouds
206,Gold Coast,AU,-28.0,153.4333,83.16,89,98,5.01,overcast clouds
207,Airai,TL,-8.9266,125.4092,62.89,85,100,2.77,moderate rain
208,Gallup,US,35.5281,-108.7426,25.56,79,100,5.01,overcast clouds
209,Itupiranga,BR,-5.1347,-49.3267,75.52,95,31,2.35,scattered clouds
210,Quatre Cocos,MU,-20.2078,57.7625,80.1,89,100,30.56,light rain
211,Sarangani,PH,5.4033,125.4636,78.24,85,100,26.84,overcast clouds
212,Katsuura,JP,35.1333,140.3,41.18,51,44,8.3,scattered clouds
213,Naze,JP,28.3667,129.4833,54.52,88,100,24.29,overcast clouds
214,Bonavista,CA,48.6499,-53.1147,25.12,71,29,19.55,scattered clouds
215,Thompson,CA,55.7435,-97.8558,-9.24,59,20,12.66,few clouds
216,Kefamenanu,ID,-9.4467,124.4781,73.13,88,99,3.27,overcast clouds
217,Gat,IL,31.61,34.7642,51.82,54,98,2.57,overcast clouds
218,Tahta,EG,26.7693,31.5021,55.71,37,65,2.28,broken clouds
219,Guapiles,CR,10.2159,-83.7866,87.44,74,20,5.08,few clouds
220,Qasigiannguit,GL,68.8193,-51.1922,-10.7,65,66,11.81,broken clouds
221,Benguela,AO,-12.5763,13.4055,73.98,75,25,2.26,scattered clouds
222,Husavik,IS,66.0449,-17.3389,17.51,94,99,5.1,overcast clouds
223,Wattegama,LK,6.7989,81.4808,66.76,92,47,3.98,scattered clouds
224,Flinders,AU,-34.5833,150.8552,69.19,68,76,14.0,broken clouds
225,Okha,RU,53.5739,142.9478,2.1,94,100,26.28,snow
226,Turukhansk,RU,65.8167,87.9833,-0.69,97,99,6.08,overcast clouds
227,Ixtapa,MX,20.7,-105.2,75.22,73,1,5.01,clear sky
228,Aykhal,RU,66.0,111.5,-21.01,100,5,3.38,clear sky
229,Puksoozero,RU,62.5903,40.6066,9.45,98,100,2.1,overcast clouds
230,Vila Franca Do Campo,PT,37.7167,-25.4333,58.19,80,19,8.57,few clouds
231,Miri,MY,4.4148,114.0089,75.34,100,40,2.3,scattered clouds
232,The Valley,AI,18.217,-63.0578,78.94,73,20,10.36,few clouds
233,Belmonte,BR,-15.8631,-38.8828,81.1,81,100,6.4,overcast clouds
234,Hofn,IS,64.2539,-15.2082,30.11,56,100,7.76,overcast clouds
235,Longyearbyen,SJ,78.2186,15.6401,15.64,67,0,20.71,clear sky
236,Shu,KZ,43.5983,73.7614,31.91,70,100,6.2,overcast clouds
237,Vostok,RU,46.4856,135.8833,-5.37,99,100,3.56,overcast clouds
238,San Cristobal,VE,7.7669,-72.225,78.98,41,21,3.22,few clouds
239,Xining,CN,36.6167,101.7667,10.89,67,38,2.42,scattered clouds
240,Russell,US,32.3502,-85.1999,70.88,40,20,16.11,few clouds
241,Salinas,US,36.6777,-121.6555,65.82,20,0,10.36,clear sky
242,Novoagansk,RU,61.9449,76.6625,18.73,92,100,10.02,overcast clouds
243,Altamont,US,42.2068,-121.7372,43.9,50,0,1.01,clear sky
244,Lodja,CD,-3.4833,23.4333,68.86,99,100,1.12,overcast clouds
245,Astana,KZ,51.1801,71.446,1.35,85,100,2.24,smoke
246,Lichtenburg,ZA,-26.152,26.1597,69.42,67,67,5.66,broken clouds
247,Whittlesea,ZA,-32.1759,26.8244,70.27,83,68,4.41,light rain
248,Impfondo,CG,1.6381,18.0667,73.85,36,98,1.14,overcast clouds
249,Kano,NG,12.0001,8.5167,62.49,39,0,4.61,clear sky
250,Westport,US,41.1415,-73.3579,42.62,93,100,3.0,overcast clouds
251,Raga,SS,8.4596,25.678,74.86,23,92,3.76,overcast clouds
252,Port Hardy,CA,50.6996,-127.4199,37.58,93,100,14.97,light rain
253,Dingle,PH,10.9995,122.6711,75.81,90,100,9.13,overcast clouds
254,Hami,CN,42.8,93.45,21.63,35,3,2.8,clear sky
255,Jinka,ET,5.65,36.65,73.33,37,98,1.86,overcast clouds
256,Moron,AR,-34.6534,-58.6198,87.69,56,71,9.4,broken clouds
257,Tazovskiy,RU,67.4667,78.7,-14.57,99,95,9.08,overcast clouds
258,Kodiak,US,57.79,-152.4072,36.91,87,100,4.61,mist
259,Hof,DE,50.3167,11.9167,35.46,93,75,4.61,broken clouds
260,Tezu,IN,27.9167,96.1667,53.94,62,87,4.12,overcast clouds
261,Patiya,BD,22.2931,91.9762,55.38,77,0,5.06,clear sky
262,Sao Joao Da Barra,BR,-21.6403,-41.0511,74.88,90,100,6.85,moderate rain
263,Komsomolskiy,UZ,40.4272,71.7189,38.12,81,75,4.61,broken clouds
264,Fortuna,US,40.5982,-124.1573,58.48,72,0,8.01,clear sky
265,Palmer,US,42.1584,-72.3287,42.46,74,75,5.75,broken clouds
266,Saint-Tite,CA,46.7334,-72.5658,35.91,97,100,4.63,overcast clouds
267,Ponta Do Sol,PT,32.6667,-17.1,67.01,73,100,6.08,overcast clouds
268,Surt,LY,31.2089,16.5887,55.18,75,81,23.96,broken clouds
269,Dalbandin,PK,28.8947,64.4101,46.72,34,0,4.74,clear sky
270,Alofi,NU,-19.0595,-169.9187,78.69,78,75,9.22,shower rain
271,Shieli,KZ,44.1667,66.75,24.44,95,7,3.71,clear sky
272,Phaltan,IN,17.9833,74.4333,67.95,45,33,6.04,scattered clouds
273,Sheridan,US,44.8333,-106.9173,5.65,53,75,1.99,broken clouds
274,Coari,BR,-4.085,-63.1414,76.12,95,88,1.14,overcast clouds
275,Oussouye,SN,12.485,-16.5469,78.98,84,41,4.45,scattered clouds
276,Yaan,NG,7.3833,8.5667,81.55,15,6,4.12,clear sky
277,Tomatlan,MX,19.9333,-105.25,81.0,37,0,9.71,clear sky
278,Takoradi,GH,4.8845,-1.7554,80.02,81,1,9.28,clear sky
279,Luderitz,NA,-26.6481,15.1594,68.27,78,69,1.88,broken clouds
280,Newport News,US,36.9788,-76.428,48.36,90,100,5.75,fog
281,Koltubanovskiy,RU,52.9407,52.0269,28.51,96,100,11.68,snow
282,Antofagasta,CL,-23.65,-70.4,68.04,77,8,9.75,clear sky
283,Businga,CD,3.3333,20.8833,79.68,31,72,1.25,broken clouds
284,Lensk,RU,60.7253,114.9278,-18.53,100,94,4.32,overcast clouds
285,Sile,TR,41.1754,29.6133,47.57,77,100,1.99,light rain
286,Kalmanka,RU,52.8992,83.5433,15.1,100,83,0.4,broken clouds
287,Fort Nelson,CA,58.8053,-122.7002,-6.21,77,100,6.91,overcast clouds
288,Awjilah,LY,29.1081,21.2869,52.21,59,51,18.7,broken clouds
289,Honningsvag,NO,70.9821,25.9704,27.7,72,92,10.4,overcast clouds
290,Igrim,RU,63.1906,64.4162,8.58,97,100,3.91,overcast clouds
291,Ayagoz,KZ,47.9714,80.4392,0.09,83,100,9.13,overcast clouds
292,Bukama,CD,-9.2,25.85,68.2,96,100,0.81,overcast clouds
293,Montgomery,US,39.1501,-77.1997,46.54,69,0,1.99,clear sky
294,Nanortalik,GL,60.1432,-45.2371,8.1,63,43,7.74,scattered clouds
295,Riyadh,SA,24.6877,46.7219,51.94,37,0,5.66,clear sky
296,Padang,ID,-0.9492,100.3543,76.78,86,68,3.58,broken clouds
297,Tommot,RU,58.9564,126.2925,-9.76,95,100,8.01,overcast clouds
298,Balikpapan,ID,-1.2675,116.8289,74.64,90,97,5.93,overcast clouds
299,Namatanai,PG,-3.6667,152.4333,80.24,80,100,8.14,light rain
300,Annau,TM,37.8876,58.516,36.9,56,0,2.3,clear sky
301,Son La,VN,21.3167,103.9,50.25,93,96,3.13,overcast clouds
302,Severnyy,RU,50.677,36.5532,26.64,100,75,4.47,snow
303,Boden,SE,65.8252,21.6886,3.2,97,96,4.16,overcast clouds
304,Esperance,AU,-33.8667,121.9,58.84,64,4,16.13,clear sky
305,Pisco,PE,-13.7,-76.2167,77.05,57,0,20.71,clear sky
306,Chuy,UY,-33.6971,-53.4616,71.89,81,0,12.88,clear sky
307,Bluefields,NI,12.0137,-83.7635,82.47,74,40,4.61,scattered clouds
308,Colquiri,BO,-17.4167,-67.1333,47.39,76,86,6.04,overcast clouds
309,Bismarck,US,46.8083,-100.7837,1.87,68,0,5.99,clear sky
310,Alto Araguaia,BR,-17.3147,-53.2153,70.93,93,73,5.46,broken clouds
311,Sao Gabriel Da Cachoeira,BR,-0.1303,-67.0892,73.83,98,92,1.36,overcast clouds
312,Broome,US,42.2506,-75.833,40.69,71,100,3.0,overcast clouds
313,Bathsheba,BB,13.2167,-59.5167,79.41,73,20,16.11,few clouds
314,Merrill,US,45.1805,-89.6835,13.77,40,0,9.22,clear sky
315,Kulachi,PK,31.9286,70.4592,55.51,55,26,8.23,scattered clouds
316,Chegem,RU,43.2833,43.1333,6.93,59,97,14.79,overcast clouds
317,San Andres,CO,12.5847,-81.7006,82.42,69,20,11.5,few clouds
318,Meulaboh,ID,4.1363,96.1285,75.81,86,66,4.27,broken clouds
319,Constitucion,CL,-35.3333,-72.4167,62.73,77,38,7.92,scattered clouds
320,Skelleftea,SE,64.7507,20.9528,10.76,66,100,6.91,overcast clouds
321,Ambon,ID,-3.6954,128.1814,77.14,88,20,4.61,few clouds
322,Pangoa,PE,-12.1167,-73.0,72.79,89,71,1.59,broken clouds
323,Marsh Harbour,BS,26.5412,-77.0636,71.46,63,8,16.24,clear sky
324,Kilindoni,TZ,-7.9139,39.6668,80.91,81,100,11.99,overcast clouds
325,Pacific Grove,US,36.6177,-121.9166,65.43,26,0,1.99,clear sky
326,La Ronge,CA,55.1001,-105.2842,-10.95,40,0,2.3,clear sky
327,Agadez,NE,19.75,10.25,55.2,22,0,13.85,clear sky
328,Taveta,KE,-3.3963,37.6736,71.19,79,100,4.65,overcast clouds
329,Truth Or Consequences,US,33.1284,-107.2528,52.92,43,100,24.52,overcast clouds
330,Geraldton,AU,-28.7667,114.6,84.61,17,0,24.16,clear sky
331,Jinji,CN,23.2281,110.8261,43.97,91,95,4.83,overcast clouds
332,Omsukchan,RU,62.5333,155.8,-12.73,99,100,5.64,overcast clouds
333,Gurkovo,BG,42.6667,25.8,36.5,91,100,5.95,overcast clouds
334,Amapa,BR,1.0,-52.0,71.73,99,100,3.49,overcast clouds
335,Aswan,EG,24.0934,32.907,59.76,38,0,7.11,clear sky
336,Dylym,RU,43.071,46.6345,37.99,57,82,5.57,broken clouds
337,Banda Aceh,ID,5.5577,95.3222,76.93,87,34,7.67,scattered clouds
338,Kruisfontein,ZA,-34.0033,24.7314,68.88,92,100,7.38,light rain
339,Ocala,US,29.1872,-82.1401,74.05,48,59,1.99,broken clouds
340,Mount Gambier,AU,-37.8333,140.7667,58.91,63,100,11.5,overcast clouds
341,Tiznit,MA,29.5833,-9.5,66.69,25,66,7.54,broken clouds
342,Cockburn Town,TC,21.4612,-71.1419,73.36,83,75,16.11,broken clouds
343,Lavrentiya,RU,65.5833,-171.0,1.06,68,0,22.32,clear sky
344,Angoram,PG,-4.0625,144.0661,77.81,85,100,2.68,overcast clouds
345,Aripuana,BR,-9.1667,-60.6333,73.92,96,93,0.92,overcast clouds
346,Hirara,JP,24.8,125.2833,70.07,88,75,6.91,broken clouds
347,Fort William,GB,56.8165,-5.1121,48.31,95,100,7.54,moderate rain
348,Kyren,RU,51.6828,102.1408,0.21,85,72,1.34,broken clouds
349,Homer,US,59.6425,-151.5483,33.76,84,100,5.44,overcast clouds
350,Sterling,US,39.0062,-77.4286,46.54,70,0,8.01,clear sky
351,Salinopolis,BR,-0.6136,-47.3561,78.44,85,98,12.35,overcast clouds
352,Port Blair,IN,11.6667,92.75,77.04,78,20,4.61,mist
353,Garissa,KE,-0.4536,39.6401,79.5,70,100,9.35,overcast clouds
354,Great Yarmouth,GB,52.6083,1.7305,48.22,93,100,9.15,overcast clouds
355,Skjervoy,NO,70.0311,20.9714,23.86,70,29,20.22,scattered clouds
356,Muisne,EC,0.6,-80.0333,78.91,83,57,6.11,light rain
357,Los Llanos De Aridane,ES,28.6585,-17.9182,64.15,67,75,10.0,broken clouds
358,Little Current,CA,45.9793,-81.9248,23.05,85,100,10.09,overcast clouds
359,Yanam,IN,16.7333,82.2167,64.24,92,5,0.83,clear sky
360,Lesnoy,RU,57.6198,63.0784,10.09,96,88,5.41,overcast clouds
361,Touros,BR,-5.1989,-35.4608,83.3,72,33,12.86,scattered clouds
362,Buraydah,SA,26.326,43.975,54.05,37,0,9.08,clear sky
363,Adre,TD,13.4667,22.2,63.77,19,4,8.86,clear sky
364,San-Pedro,CI,4.7485,-6.6363,79.3,82,90,7.87,overcast clouds
365,Taytay,PH,14.5678,121.1394,78.73,76,75,0.0,broken clouds
366,Emporia,US,38.4039,-96.1817,17.51,74,100,19.19,overcast clouds
367,Henties Bay,NA,-22.116,14.2845,68.86,81,63,5.06,broken clouds
368,Bilibino,RU,68.0546,166.4372,-6.84,63,49,4.9,scattered clouds
369,Malatya,TR,38.5,38.0,35.65,81,75,4.61,broken clouds
370,Kununurra,AU,-15.7667,128.7333,78.78,89,40,5.75,scattered clouds
371,Boa Vista,BR,2.8197,-60.6733,87.78,45,0,9.22,clear sky
372,Marrakesh,MA,31.6315,-8.0083,62.67,31,57,1.14,broken clouds
373,Safford,US,32.834,-109.7076,53.92,39,87,13.33,overcast clouds
374,Puerto Leguizamo,CO,-0.1934,-74.7819,81.54,61,94,2.26,overcast clouds
375,Sorland,NO,67.667,12.6934,28.53,59,100,15.55,overcast clouds
376,Acari,PE,-15.4311,-74.6158,75.88,70,17,8.12,few clouds
377,Bulgan,MN,48.8125,103.5347,-6.25,86,8,4.52,clear sky
378,Mahon,ES,39.8885,4.2658,50.56,76,0,2.3,clear sky
379,Labuhan,ID,-6.8844,112.2051,77.47,86,100,4.05,overcast clouds
380,Ranong,TH,9.9658,98.6348,76.95,84,54,3.89,broken clouds
381,Mayo,US,38.8876,-76.5119,48.07,79,0,6.8,mist
382,Dukat,RU,62.55,155.55,-14.58,100,100,5.41,overcast clouds
383,Bairiki,KI,1.3292,172.9752,80.6,89,75,3.44,light rain
384,Pasighat,IN,28.0667,95.3333,52.79,72,72,3.8,broken clouds
385,Logon,PH,11.3303,124.1146,78.62,82,94,13.18,overcast clouds
386,Mengyin,CN,35.7069,117.9264,28.81,43,67,1.74,broken clouds
387,Nemuro,JP,43.3236,145.575,23.36,72,51,7.72,broken clouds
388,Grindavik,IS,63.8424,-22.4338,25.27,86,40,6.91,scattered clouds
389,Morwell,AU,-38.2333,146.4,62.91,67,99,6.33,overcast clouds
390,Cleveland,US,41.4995,-81.6954,41.02,92,100,12.66,light rain
391,Matara,LK,5.9485,80.5353,70.84,89,4,6.53,clear sky
392,Ratnagiri,IN,16.9833,73.3,68.99,77,4,5.88,clear sky
393,Sertania,BR,-8.0736,-37.2644,81.27,46,98,9.66,overcast clouds
394,Xinpu,CN,34.5997,119.1594,29.1,61,34,0.72,scattered clouds
395,Waipawa,NZ,-41.4122,175.5153,74.03,57,92,12.35,light rain
396,Honggang,CN,46.4667,124.8667,-12.96,95,22,4.94,few clouds
397,Portland,US,45.5234,-122.6762,46.62,92,100,3.0,overcast clouds
398,Laguna,US,38.421,-121.4238,62.29,27,0,11.01,clear sky
399,Faya,SA,18.3851,42.4509,53.71,67,10,1.19,clear sky
400,Plettenberg Bay,ZA,-34.0527,23.3716,69.62,90,100,4.92,overcast clouds
401,Omegna,IT,45.8798,8.408,51.51,61,0,7.05,clear sky
402,Ucluelet,CA,48.9329,-125.5528,42.1,89,100,6.22,overcast clouds
403,Hazleton,US,40.9584,-75.9746,36.25,80,0,4.61,clear sky
404,Nelson Bay,AU,-32.7167,152.15,68.11,92,100,3.0,overcast clouds
405,Toyooka,JP,35.5333,134.8333,33.91,85,100,3.74,overcast clouds
406,Zwedru,LR,6.0667,-8.1281,74.64,80,43,5.06,scattered clouds
407,Bollnas,SE,61.3482,16.3946,15.62,98,99,1.45,overcast clouds
408,Kaduy,RU,59.2,37.15,11.89,98,97,2.8,overcast clouds
409,Sur,OM,22.5667,59.5289,71.51,57,4,18.07,clear sky
410,Socoltenango,MX,16.2167,-92.25,75.87,39,0,6.31,clear sky
411,Le Marin,MQ,14.4721,-60.8697,78.78,73,0,9.22,clear sky
412,Iranshahr,IR,27.2025,60.6848,54.28,40,0,6.4,clear sky
413,La Roche-Sur-Yon,FR,46.6667,-1.4333,45.84,87,100,6.91,overcast clouds
414,Alcantara,BR,-2.4089,-44.4147,82.6,82,97,10.54,overcast clouds
415,Aitape,PG,-3.1374,142.3475,78.73,86,100,3.67,overcast clouds
416,Darnah,LY,32.767,22.6367,50.94,73,33,15.5,scattered clouds
417,Belaya Gora,RU,68.5333,146.4167,-29.33,100,92,2.82,overcast clouds
418,Lisakovsk,KZ,52.5369,62.4936,18.12,92,100,8.39,overcast clouds
419,Grand Forks,US,47.9417,-97.4337,-5.87,88,17,7.61,few clouds
420,Jian,CN,27.1172,114.9793,38.23,92,100,4.29,overcast clouds
421,Carutapera,BR,-1.195,-46.02,75.92,91,100,7.72,overcast clouds
422,Saint-Pierre,RE,-21.3393,55.4781,80.28,83,75,34.52,light rain
423,Sherman,US,33.6357,-96.6089,35.91,87,100,18.54,snow
424,Jicin,CZ,50.4372,15.3516,38.88,97,41,9.37,scattered clouds
425,Waitati,NZ,-45.75,170.5667,55.99,95,100,7.0,overcast clouds
426,Beaverlodge,CA,55.2166,-119.4361,-6.45,94,100,2.46,light snow
427,Chiang Kham,TH,19.5233,100.3,53.51,50,5,2.17,clear sky
428,Guerrero Negro,MX,27.9769,-114.0611,64.6,44,2,13.82,clear sky
429,Zyryanka,RU,65.75,150.85,-19.68,98,78,5.97,broken clouds
430,Derzhavinsk,KZ,51.1,66.3167,12.49,89,98,6.2,overcast clouds
431,Leh,IN,34.1667,77.5833,6.53,91,98,3.09,overcast clouds
432,Suntar,RU,62.1444,117.6319,-28.14,100,29,3.49,scattered clouds
433,Orizona,BR,-17.0314,-48.2958,69.89,88,100,1.32,overcast clouds
434,Ripon,GB,54.1352,-1.5212,49.87,87,100,9.57,overcast clouds
435,Bria,CF,6.5423,21.9863,79.47,21,97,3.69,overcast clouds
436,Mikkeli,FI,61.6886,27.2723,2.14,84,0,3.44,clear sky
437,Mwanza,TZ,-2.5167,32.9,69.85,88,20,5.75,few clouds
438,Danilovka,RU,50.3557,44.1168,35.6,100,100,11.88,light rain
439,Hualmay,PE,-11.0964,-77.6139,73.24,73,5,12.66,clear sky
440,Camana,PE,-16.6228,-72.7111,72.68,79,48,8.86,scattered clouds
441,Bahia Blanca,AR,-38.7196,-62.2724,84.49,34,100,4.07,overcast clouds
442,Mathbaria,BD,22.2876,89.9593,64.0,89,0,1.88,clear sky
443,Toamasina,MG,-18.1667,49.3833,77.0,78,40,11.5,scattered clouds
444,Batemans Bay,AU,-35.7167,150.1833,66.99,50,10,8.68,clear sky
445,Lempaala,FI,61.3167,23.75,13.41,90,97,1.14,overcast clouds
446,Palembang,ID,-2.9167,104.7458,77.09,94,20,0.0,mist
447,Batticaloa,LK,7.7102,81.6924,76.14,70,77,2.64,broken clouds
448,Olafsvik,IS,64.8945,-23.7142,30.25,52,98,4.27,snow
449,Luanda,AO,-8.8368,13.2343,75.2,88,40,6.91,scattered clouds
450,Plerin,FR,48.5425,-2.7798,46.72,92,100,1.01,overcast clouds
451,Rabat,MA,33.9911,-6.8401,53.01,100,94,3.44,overcast clouds
452,Arlit,NE,18.7369,7.3853,63.79,16,0,16.4,clear sky
453,Shaki,AZ,41.0833,47.1667,48.99,44,72,4.94,broken clouds
454,Qaqortoq,GL,60.7167,-46.0333,3.58,66,65,8.01,broken clouds
455,Osakarovka,KZ,50.565,72.5692,9.99,86,100,5.03,overcast clouds
456,La Libertad,EC,-2.2333,-80.9,83.86,65,0,8.05,clear sky
457,Kijang,KR,35.2442,129.2139,28.13,48,98,5.55,overcast clouds
458,Ketchikan,US,55.3422,-131.6461,37.38,94,100,4.59,light rain
459,Severo-Kurilsk,RU,50.6789,156.125,29.14,78,98,7.54,overcast clouds
460,Seddon,AU,-37.8068,144.8916,63.68,69,100,8.01,overcast clouds
461,Bubaque,GW,11.2833,-15.8333,77.97,85,12,11.77,few clouds
462,Bara,NG,10.3744,10.7288,67.71,15,6,9.33,clear sky
463,Svetlogorsk,BY,52.6333,29.7333,29.46,97,99,7.96,light snow
464,Las Lomas,PA,8.4333,-82.4,85.41,58,20,8.05,few clouds
465,Colac,AU,-38.3333,143.5833,60.01,60,92,9.93,overcast clouds
466,Houston,US,29.7633,-95.3633,73.85,81,100,5.01,overcast clouds
467,Odienne,CI,9.51,-7.5692,73.29,11,49,3.8,scattered clouds
468,Krivosheino,RU,57.3431,83.9261,2.68,100,91,5.06,overcast clouds
469,Jiangyou,CN,31.7667,104.7167,36.63,87,72,0.96,broken clouds
470,Pozo Colorado,PY,-23.4923,-58.7972,92.64,29,65,6.44,broken clouds
471,Namibe,AO,-15.1961,12.1522,72.5,71,84,10.76,broken clouds
472,Carmelo,UY,-33.9892,-58.2856,84.16,47,89,9.08,overcast clouds
473,Verkhnevilyuysk,RU,63.4453,120.3167,-20.7,98,100,4.59,overcast clouds
474,Taltal,CL,-25.4,-70.4833,69.26,72,20,6.6,few clouds
475,Novobiryusinskiy,RU,56.9578,97.7076,1.2,98,100,2.15,overcast clouds
476,Lock Haven,US,41.137,-77.4469,39.07,79,100,2.64,overcast clouds
477,Roald,NO,62.5833,6.1333,33.94,80,0,10.36,clear sky
478,Beloha,MG,-25.1667,45.05,72.32,75,0,13.6,clear sky
479,Gizo,SB,-8.103,156.8419,82.49,78,100,15.23,moderate rain
480,Terrace Bay,CA,48.7834,-87.1,4.62,85,96,10.65,overcast clouds
481,Yerbogachen,RU,61.2767,108.0108,-4.76,99,98,3.56,overcast clouds
482,Khani,GE,41.9563,42.9566,40.57,74,98,10.13,overcast clouds
483,Asau,RO,46.4333,26.4,22.28,89,87,6.24,overcast clouds
484,Rapid Valley,US,44.0625,-103.1463,9.72,64,100,5.01,overcast clouds
485,Trelleborg,SE,55.3751,13.1569,35.94,87,80,18.68,broken clouds
486,Bloomfield,US,40.8068,-74.1854,41.7,92,100,5.75,overcast clouds
487,Montijo,PT,38.7067,-8.9739,56.59,82,0,3.44,clear sky
488,Taoudenni,ML,22.6783,-3.9836,66.06,19,15,13.4,few clouds
489,Disna,BY,55.568,28.1971,18.64,98,100,4.9,overcast clouds
490,Malanje,AO,-9.5402,16.341,62.78,80,20,3.29,few clouds
491,Koutiala,ML,12.3917,-5.4642,73.98,11,2,7.52,clear sky
492,Norrtalje,SE,59.758,18.705,24.08,71,56,2.8,broken clouds
493,Ust-Nera,RU,64.5667,143.2,-18.31,100,92,2.64,overcast clouds
494,Talaya,RU,61.3833,152.75,-9.99,97,100,5.41,overcast clouds
495,Vysha,RU,53.8477,42.3777,19.4,100,100,1.45,overcast clouds
496,Porto Walter,BR,-8.2686,-72.7439,79.9,72,99,4.38,overcast clouds
497,Vardo,NO,70.3705,31.1107,21.4,60,100,18.9,light snow
498,Igdir,TR,39.9237,44.045,30.13,69,87,3.85,overcast clouds
499,Siavonga,ZM,-16.5382,28.7088,73.54,87,1,4.05,clear sky
500,Jambi,ID,-1.6,103.6167,72.73,97,100,1.99,overcast clouds
501,Yashkul,RU,46.1711,45.3435,35.24,94,93,9.19,overcast clouds
502,Znamenskoye,RU,57.1281,73.8282,18.09,88,100,8.59,overcast clouds
503,Jalu,LY,29.0331,21.5482,52.39,59,45,16.71,scattered clouds
504,Port Lincoln,AU,-34.7333,135.8667,64.8,68,23,16.31,few clouds
505,Umm Kaddadah,SD,13.6017,26.6876,67.78,20,11,5.35,few clouds
506,Heihe,CN,50.2441,127.4902,-3.42,85,10,9.01,clear sky
507,Saint-Gaudens,FR,43.0833,0.6667,49.14,56,2,5.5,clear sky
508,Goderich,CA,43.7501,-81.7165,27.91,93,100,12.66,snow
509,Mehamn,NO,71.0357,27.8492,25.07,73,100,9.91,overcast clouds
510,Grand Baie,MU,-20.0182,57.5802,80.46,82,100,18.01,light rain
511,Khovu-Aksy,RU,51.1333,93.6,-7.53,87,100,1.07,overcast clouds
512,San Patricio,US,28.017,-97.5169,78.78,75,88,12.21,overcast clouds
513,Zaysan,KZ,47.4667,84.8667,-3.37,83,16,3.22,few clouds
514,Verkh-Suetka,RU,53.3,80.05,-7.11,100,100,2.64,overcast clouds
515,Kommunar,RU,59.6206,30.39,20.73,98,99,1.23,overcast clouds
516,Verkhnetulomskiy,RU,68.6073,31.7962,1.53,100,100,0.98,overcast clouds
517,Hambantota,LK,6.1241,81.1185,72.1,84,5,9.17,clear sky
518,Pimentel,PE,-6.8367,-79.9342,72.27,76,11,15.66,few clouds
519,Moba,CN,33.2288,105.0179,24.46,91,100,4.85,overcast clouds
520,Kyra,RU,49.5776,111.9753,-13.43,93,11,5.44,few clouds
521,Kichera,RU,55.9375,110.0997,-10.89,91,48,3.11,scattered clouds
522,Gudari,IN,19.35,83.7833,62.2,95,6,0.45,clear sky
523,San Quintin,MX,30.4833,-115.95,61.27,57,0,11.27,clear sky
524,Vokhtoga,RU,58.8147,41.0461,12.24,98,95,5.06,overcast clouds
525,Graham,US,47.0529,-122.2943,42.3,82,90,3.0,overcast clouds
526,Brae,GB,60.3964,-1.353,44.51,91,100,10.71,overcast clouds
527,Xambioa,BR,-6.4111,-48.5364,74.82,94,41,2.71,light rain
528,Rangoon,MM,16.8053,96.1561,64.36,88,34,1.14,scattered clouds
529,Cap Malheureux,MU,-19.9842,57.6142,80.47,82,100,18.01,overcast clouds
530,Buala,SB,-8.145,159.5921,81.88,80,100,8.34,moderate rain
531,Lima,PE,-12.0432,-77.0282,76.14,60,0,14.97,clear sky
532,Aksu,CN,41.1231,80.2644,22.12,55,93,1.66,overcast clouds
533,Hermiston,US,45.8404,-119.2895,42.42,38,100,3.94,overcast clouds
534,Hamilton,US,39.1834,-84.5333,45.12,95,100,1.01,moderate rain
535,Dunedin,NZ,-45.8742,170.5036,55.42,92,100,10.98,light rain
536,Kutum,SD,14.2,24.6667,65.14,22,39,9.91,scattered clouds
537,Presidencia Roque Saenz Pena,AR,-26.7852,-60.4388,95.58,20,74,1.9,broken clouds
538,Cururupu,BR,-1.8283,-44.8683,74.61,94,99,3.78,overcast clouds
539,Shahrud,IR,36.4182,54.9763,34.39,72,0,2.57,clear sky
540,Taitung,TW,22.7583,121.1444,66.47,88,75,3.44,broken clouds
541,Kuala Kedah,MY,6.1,100.3,75.6,89,60,5.37,broken clouds
542,Moshenskoye,RU,58.5102,34.5911,8.76,100,98,1.74,overcast clouds
543,Harper,LR,4.375,-7.7169,79.14,80,87,8.34,overcast clouds
544,Rio Grande,BR,-32.035,-52.0986,74.12,84,0,19.13,clear sky
545,Havelock,US,34.8791,-76.9013,56.95,79,53,5.28,broken clouds
546,Lawrenceburg,US,38.0373,-84.8966,49.3,93,100,4.0,overcast clouds
547,Adrar,MR,20.5022,-10.0711,68.94,21,67,11.1,broken clouds
548,Grand Gaube,MU,-20.0064,57.6608,80.38,82,100,18.01,overcast clouds
549,Hasaki,JP,35.7333,140.8333,27.0,52,44,12.08,scattered clouds
550,Atambua,ID,-9.1061,124.8925,74.88,86,95,2.62,moderate rain
551,Birjand,IR,32.8663,59.2211,37.51,40,0,4.0,clear sky
552,Trinidad,BO,-14.8333,-64.9,75.76,94,63,4.43,broken clouds
553,Acarau,BR,-2.8856,-40.12,79.66,80,54,11.52,broken clouds
554,Shimoda,JP,34.6667,138.95,43.11,61,48,21.54,scattered clouds
555,Kaili,ID,-3.4626,120.2147,68.16,92,100,2.13,overcast clouds
556,Storsteinnes,NO,69.2408,19.2344,12.2,91,82,6.6,broken clouds
557,Manhattan,US,40.7834,-73.9662,41.67,90,100,5.01,overcast clouds
558,Bosansko Grahovo,BA,44.1794,16.3639,36.86,79,55,9.89,broken clouds
559,Gboko,NG,7.3179,8.9951,80.33,15,5,3.94,clear sky
560,Lorengau,PG,-2.0226,147.2712,80.26,80,100,11.54,light rain
561,Bouillante,GP,16.1304,-61.7692,78.03,75,2,9.78,clear sky
562,Catamarca,AR,-28.4696,-65.7852,82.58,48,4,7.58,clear sky
563,Raymond,US,43.9015,-70.4703,40.12,86,98,3.36,overcast clouds
564,Arkansas City,US,37.062,-97.0384,19.08,79,100,20.71,snow
565,Dangriga,BZ,16.9692,-88.2321,80.98,79,3,8.37,clear sky
566,Codrington,AU,-38.2667,141.9667,59.79,63,89,14.38,overcast clouds
567,Dossor,KZ,47.5272,52.9811,31.89,89,93,12.35,overcast clouds
568,Tura,IN,25.5198,90.2201,58.93,54,80,2.75,broken clouds
569,Tevriz,RU,57.509,72.4042,21.13,94,100,7.58,overcast clouds
570,Cartagena,CO,10.3997,-75.5144,80.47,76,0,17.31,clear sky
571,Coihaique,CL,-45.5752,-72.0662,67.95,52,40,6.91,scattered clouds
572,Embonas,GR,36.2269,27.8564,51.84,77,100,22.88,overcast clouds
573,Pinega,RU,64.7001,43.3936,11.68,97,100,1.9,overcast clouds
574,Guaraniacu,BR,-25.1008,-52.8781,71.8,76,71,3.51,broken clouds
575,Iquique,CL,-20.2208,-70.1431,69.57,78,19,7.7,few clouds
576,Ust-Kuyga,RU,70.0167,135.6,-21.57,96,90,6.62,overcast clouds
577,Monclova,MX,26.9,-101.4167,75.06,44,10,8.01,clear sky
578,Narsaq,GL,60.9167,-46.05,3.42,64,65,8.28,broken clouds
579,Newton,US,42.337,-71.2092,41.86,88,100,1.19,overcast clouds
580,Araguacu,BR,-12.9306,-49.8264,75.42,87,43,1.72,scattered clouds
581,Sayyan,YE,15.1718,44.3244,50.23,60,79,4.47,broken clouds
582,Kaura Namoda,NG,12.5898,6.5779,65.98,10,53,9.73,broken clouds
583,Ust-Kan,RU,50.9276,84.761,-5.13,92,30,3.27,scattered clouds
584,Qitaihe,CN,45.8,130.85,0.81,89,64,12.64,broken clouds
585,San Mateo Del Mar,MX,16.2,-95.0,79.32,76,5,16.22,clear sky
586,Galle,LK,6.0367,80.217,72.79,84,16,3.67,few clouds
587,Borisoglebskiy,RU,57.2586,39.1508,19.04,98,100,4.85,overcast clouds
588,Nantucket,US,41.2835,-70.0995,43.03,99,99,12.71,overcast clouds
589,Sola,VU,-13.8833,167.55,83.07,84,100,0.0,very heavy rain
590,Port Augusta,AU,-32.5,137.7667,67.71,47,0,13.91,clear sky
591,Olinda,BR,-8.0089,-34.8553,81.27,71,44,12.35,scattered clouds
592,Llangefni,GB,53.2556,-4.3106,49.66,87,100,10.36,overcast clouds
593,Stolin,BY,51.8912,26.846,29.08,97,100,13.31,light snow
594,Mandalgovi,MN,45.7625,106.2708,-0.29,78,2,10.09,clear sky
595,Mbigou,GA,-1.9005,11.906,68.27,97,100,3.56,light rain
596,Puchezh,RU,56.9788,43.1676,9.5,99,96,4.59,overcast clouds
597,Sibolga,ID,1.7427,98.7792,75.88,81,85,2.93,overcast clouds
598,Kathu,TH,7.9178,98.3332,78.62,80,46,11.03,scattered clouds
599,Enschede,NL,52.2183,6.8958,46.71,88,100,5.99,overcast clouds
600,Iberia,US,29.9502,-91.7507,75.02,73,0,9.22,clear sky
601,Newport,GB,51.5877,-2.9984,48.16,89,100,7.54,overcast clouds
602,Norfolk,US,42.1668,-71.2495,41.68,88,100,0.96,overcast clouds
603,Palatka,US,29.6486,-81.6376,72.59,58,80,7.81,broken clouds
604,Morondava,MG,-20.2833,44.2833,80.69,85,78,7.07,light rain
605,Canaries,ES,28.0,-15.5,64.36,53,20,26.46,few clouds
606,Bradford,GB,53.7939,-1.7521,48.83,73,100,9.6,overcast clouds
607,Kieta,PG,-6.2167,155.6333,84.04,72,100,10.4,light rain
608,Hyderabad,IN,17.3753,78.4744,67.51,94,20,6.91,mist
609,Passos,BR,-20.7189,-46.6097,66.2,95,97,2.39,overcast clouds
610,Asfi,MA,32.2994,-9.2372,62.13,55,60,10.07,broken clouds
611,Gladstone,AU,-23.85,151.25,76.93,83,40,3.44,scattered clouds
612,Christchurch,NZ,-43.5333,172.6333,83.32,57,100,5.75,overcast clouds
613,Jiancheng,CN,30.391,104.5491,38.08,91,41,1.97,scattered clouds
614,Hailar,CN,49.2,119.7,-28.7,100,71,4.05,broken clouds
615,Auki,SB,-8.7676,160.7034,81.23,81,100,6.22,light rain
616,Pedernales,DO,18.0384,-71.744,79.12,71,14,2.64,few clouds
617,Charters Towers,AU,-20.1,146.2667,82.35,72,100,11.25,overcast clouds
618,Snyder,US,32.7179,-100.9176,27.52,86,100,12.66,overcast clouds
619,Margate,GB,51.3813,1.3862,47.75,88,100,1.99,overcast clouds
620,Alexandria,EG,31.2156,29.9553,55.36,71,40,3.44,scattered clouds
621,Omaruru,NA,-21.4333,15.9333,67.19,54,3,5.73,clear sky
622,Ngunguru,NZ,-35.6167,174.5,75.16,81,100,15.03,overcast clouds
623,Xacmaz,AZ,41.4635,48.806,40.14,79,61,2.82,broken clouds
624,Tabou,CI,4.423,-7.3528,79.0,81,68,8.05,broken clouds
625,Katangli,RU,51.7102,143.2326,2.91,92,100,20.56,overcast clouds
626,Chimbote,PE,-9.0853,-78.5783,73.2,73,41,12.44,scattered clouds
627,Waingapu,ID,-9.6567,120.2641,79.65,78,19,9.51,few clouds
628,Point Fortin,TT,10.1833,-61.6833,80.02,78,24,16.08,few clouds
629,Rundu,NA,-17.9333,19.7667,67.86,62,48,0.89,scattered clouds
630,Vaitape,PF,-16.5167,-151.75,81.16,72,17,19.44,few clouds
631,La Asuncion,VE,11.0333,-63.8628,77.59,83,2,18.01,clear sky
632,Maniitsoq,GL,65.4167,-52.9,4.6,71,100,18.9,overcast clouds
633,Hay River,CA,60.8156,-115.7999,-10.93,98,35,3.62,scattered clouds
634,Ballina,AU,-28.8667,153.5667,73.78,99,100,13.44,overcast clouds
635,Morena,IN,26.4969,78.0,55.24,57,0,11.59,clear sky
636,Blackwater,AU,-23.5833,148.8833,75.25,91,100,9.31,overcast clouds
637,Tual,ID,-5.6667,132.75,82.99,73,100,8.59,overcast clouds
638,Baruun-Urt,MN,46.6806,113.2792,-11.96,94,65,3.31,broken clouds
639,Mayskiy,RU,47.6931,40.1025,44.44,97,100,9.19,light rain
640,Takhtamygda,RU,54.1,123.5667,-17.86,96,40,3.24,scattered clouds
641,Griffith,US,41.5284,-87.4237,26.76,90,100,4.0,light snow
642,Vila,PT,42.0304,-8.1588,43.68,78,96,4.29,overcast clouds
643,Teya,RU,60.3778,92.6267,13.55,94,100,5.26,overcast clouds
644,Kattivakkam,IN,13.2167,80.3167,76.06,76,6,4.5,clear sky
645,Myanaung,MM,18.2833,95.3167,59.81,64,3,6.17,clear sky
646,Kandi,BJ,11.1342,2.9386,69.66,11,59,4.83,broken clouds
647,Ruteng,ID,-8.6136,120.4721,64.62,83,83,2.24,light rain
648,Yumen,CN,40.2833,97.2,20.8,37,100,10.2,overcast clouds
649,Juybar,IR,36.6412,52.9124,48.96,60,0,3.76,clear sky
650,Greystones,IE,53.1408,-6.0631,48.88,93,100,7.29,overcast clouds
651,Kloulklubed,PW,7.0419,134.2556,82.9,75,100,19.08,light rain
652,Halifax,CA,44.6453,-63.5724,34.48,87,89,4.0,overcast clouds
653,Alta Floresta,BR,-9.8756,-56.0861,73.13,92,36,1.5,scattered clouds
654,Luoyang,CN,34.6836,112.4536,32.94,69,100,0.92,overcast clouds
655,Mpophomeni,ZA,-29.5682,30.1862,65.3,73,61,5.21,broken clouds
656,Shirgaon,IN,19.7,72.7,69.42,74,4,1.45,clear sky
657,Edremit,TR,39.5961,27.0244,44.35,93,75,8.05,broken clouds
658,Tashla,RU,51.7716,52.7427,26.67,97,100,8.32,snow
659,Valencia,ES,39.3333,-0.8333,54.7,49,0,6.06,clear sky
660,Kirkwood,US,38.5834,-90.4068,20.59,89,100,5.99,mist
661,Urengoy,RU,65.9667,78.3667,-13.81,99,85,9.53,overcast clouds
662,Upata,VE,8.0086,-62.3989,80.19,63,60,6.31,broken clouds
663,Canals,ES,38.9625,-0.5844,57.81,42,0,4.7,clear sky
664,Eyl,SO,7.9803,49.8164,73.15,77,6,14.2,clear sky
665,Ulaangom,MN,49.9811,92.0667,-20.83,90,98,2.21,overcast clouds
666,Tigil,RU,57.8,158.6667,11.7,91,97,3.18,overcast clouds
667,Araouane,ML,18.9048,-3.5265,64.63,13,72,11.16,broken clouds
